rankValue,baselineRankValueCount
0,0
1,0
2,0
3,0
4,0
5,0
6,0
7,0
8,0
9,0
10,0
11,0
12,0
13,0
14,0
15,0
16,0
17,0
18,0
19,0
20,0
21,0
22,0
23,0
24,0
25,0
26,0
27,0
28,0
29,0
30,0
31,0
32,0
33,0
34,0
35,0
36,0
37,0
38,0
39,0
40,0
41,0
42,0
43,0
44,0
45,0
46,0
47,0
48,15540
49,0
50,0
51,15540
52,0
53,0
54,0
55,0
56,0
57,0
58,0
59,0
60,0
61,0
62,0
63,0
64,0
65,0
66,0
67,0
68,0
69,0
70,0
71,0
72,0
73,0
74,0
75,0
76,0
77,0
78,0
79,0
80,0
81,0
82,15540
83,0
84,0
85,15540
86,15540
87,0
88,0
89,0
90,0
91,0
92,0
93,0
94,0
95,0
96,0
97,0
98,0
99,0
100,0
101,0
102,15540
103,0
104,0
105,15540
106,31080
107,0
108,0
109,0
110,0
111,0
112,15540
113,0
114,0
115,15540
116,46620
117,0
118,0
119,15540
120,46620
121,0
122,0
123,0
124,0
125,0
126,0
127,0
128,0
129,0
130,0
131,0
132,0
133,0
134,0
135,0
136,0
137,0
138,0
139,0
140,0
141,0
142,0
143,0
144,0
145,0
146,0
147,0
148,0
149,0
150,0
151,15540
152,0
153,0
154,15540
155,15540
156,0
157,0
158,0
159,0
160,0
161,0
162,0
163,0
164,0
165,0
166,0
167,0
168,0
169,0
170,0
171,15540
172,0
173,0
174,15540
175,31080
176,0
177,0
178,0
179,0
180,0
181,15540
182,0
183,0
184,15540
185,46620
186,0
187,0
188,15540
189,46620
190,46620
191,0
192,0
193,0
194,0
195,0
196,0
197,0
198,0
199,0
200,0
201,0
202,0
203,0
204,0
205,0
206,15540
207,0
208,0
209,15540
210,31080
211,0
212,0
213,0
214,0
215,0
216,15540
217,0
218,0
219,15540
220,46620
221,0
222,0
223,15540
224,46620
225,77700
226,0
227,0
228,0
229,0
230,0
231,15540
232,0
233,0
234,15540
235,46620
236,0
237,0
238,15540
239,46620
240,93240
241,0
242,0
243,15540
244,46620
245,93240
246,0
247,0
248,0
249,0
250,0
251,0
252,0
253,0
254,0
255,0
256,0
257,0
258,0
259,0
260,0
261,0
262,0
263,0
264,0
265,0
266,0
267,0
268,0
269,0
270,0
271,0
272,0
273,0
274,0
275,0
276,15540
277,0
278,0
279,15540
280,15540
281,0
282,0
283,0
284,0
285,0
286,0
287,0
288,0
289,0
290,0
291,0
292,0
293,0
294,0
295,0
296,15540
297,0
298,0
299,15540
300,31080
301,0
302,0
303,0
304,0
305,0
306,15540
307,0
308,0
309,15540
310,46620
311,0
312,0
313,15540
314,46620
315,46620
316,0
317,0
318,0
319,0
320,0
321,0
322,0
323,0
324,0
325,0
326,0
327,0
328,0
329,0
330,0
331,15540
332,0
333,0
334,15540
335,31080
336,0
337,0
338,0
339,0
340,0
341,15540
342,0
343,0
344,15540
345,46620
346,0
347,0
348,15540
349,46620
350,77700
351,0
352,0
353,0
354,0
355,0
356,15540
357,0
358,0
359,15540
360,46620
361,0
362,0
363,15540
364,46620
365,93240
366,0
367,0
368,15540
369,46620
370,93240
371,93240
372,0
373,0
374,0
375,0
376,0
377,0
378,0
379,0
380,0
381,0
382,0
383,0
384,0
385,0
386,0
387,15540
388,0
389,0
390,15540
391,31080
392,0
393,0
394,0
395,0
396,0
397,15540
398,0
399,0
400,15540
401,46620
402,0
403,0
404,15540
405,46620
406,77700
407,0
408,0
409,0
410,0
411,0
412,15540
413,0
414,0
415,15540
416,46620
417,0
418,0
419,15540
420,46620
421,93240
422,0
423,0
424,15540
425,46620
426,93240
427,139860
428,0
429,0
430,0
431,0
432,0
433,15540
434,0
435,0
436,15540
437,46620
438,0
439,0
440,15540
441,46620
442,93240
443,0
444,0
445,15540
446,46620
447,93240
448,155400
449,0
450,0
451,15540
452,46620
453,93240
454,155400
455,0
456,0
457,0
458,0
459,0
460,0
461,0
462,0
463,0
464,0
465,0
466,0
467,0
468,0
469,0
470,0
471,0
472,0
473,0
474,0
475,0
476,0
477,0
478,0
479,0
480,0
481,0
482,0
483,0
484,0
485,15540
486,0
487,0
488,15540
489,15540
490,0
491,0
492,0
493,0
494,0
495,0
496,0
497,0
498,0
499,0
500,0
501,0
502,0
503,0
504,0
505,15540
506,0
507,0
508,15540
509,31080
510,0
511,0
512,0
513,0
514,0
515,15540
516,0
517,0
518,15540
519,46620
520,0
521,0
522,15540
523,46620
524,46620
525,0
526,0
527,0
528,0
529,0
530,0
531,0
532,0
533,0
534,0
535,0
536,0
537,0
538,0
539,0
540,15540
541,0
542,0
543,15540
544,31080
545,0
546,0
547,0
548,0
549,0
550,15540
551,0
552,0
553,15540
554,46620
555,0
556,0
557,15540
558,46620
559,77700
560,0
561,0
562,0
563,0
564,0
565,15540
566,0
567,0
568,15540
569,46620
570,0
571,0
572,15540
573,46620
574,93240
575,0
576,0
577,15540
578,46620
579,93240
580,93240
581,0
582,0
583,0
584,0
585,0
586,0
587,0
588,0
589,0
590,0
591,0
592,0
593,0
594,0
595,0
596,15540
597,0
598,0
599,15540
600,31080
601,0
602,0
603,0
604,0
605,0
606,15540
607,0
608,0
609,15540
610,46620
611,0
612,0
613,15540
614,46620
615,77700
616,0
617,0
618,0
619,0
620,0
621,15540
622,0
623,0
624,15540
625,46620
626,0
627,0
628,15540
629,46620
630,93240
631,0
632,0
633,15540
634,46620
635,93240
636,139860
637,0
638,0
639,0
640,0
641,0
642,15540
643,0
644,0
645,15540
646,46620
647,0
648,0
649,15540
650,46620
651,93240
652,0
653,0
654,15540
655,46620
656,93240
657,155400
658,0
659,0
660,15540
661,46620
662,93240
663,155400
664,155400
665,0
666,0
667,0
668,0
669,0
670,0
671,0
672,0
673,0
674,0
675,0
676,0
677,0
678,0
679,0
680,15540
681,0
682,0
683,15540
684,31080
685,0
686,0
687,0
688,0
689,0
690,15540
691,0
692,0
693,15540
694,46620
695,0
696,0
697,15540
698,46620
699,77700
700,0
701,0
702,0
703,0
704,0
705,15540
706,0
707,0
708,15540
709,46620
710,0
711,0
712,15540
713,46620
714,93240
715,0
716,0
717,15540
718,46620
719,93240
720,139860
721,0
722,0
723,0
724,0
725,0
726,15540
727,0
728,0
729,15540
730,46620
731,0
732,0
733,15540
734,46620
735,93240
736,0
737,0
738,15540
739,46620
740,93240
741,155400
742,0
743,0
744,15540
745,46620
746,93240
747,155400
748,217560
749,0
750,0
751,0
752,0
753,0
754,15540
755,0
756,0
757,15540
758,46620
759,0
760,0
761,15540
762,46620
763,93240
764,0
765,0
766,15540
767,46620
768,93240
769,155400
770,0
771,0
772,15540
773,46620
774,93240
775,155400
776,233100
777,0
778,0
779,15540
780,46620
781,93240
782,155400
783,233100
784,0
785,0
786,0
787,0
788,0
789,0
790,0
791,0
792,0
793,0
794,0
795,0
796,0
797,0
798,0
799,0
800,0
801,0
802,0
803,0
804,0
805,0
806,0
807,0
808,0
809,0
810,0
811,0
812,0
813,0
814,15540
815,0
816,0
817,15540
818,15540
819,0
820,0
821,0
822,0
823,0
824,0
825,0
826,0
827,0
828,0
829,0
830,0
831,0
832,0
833,0
834,15540
835,0
836,0
837,15540
838,31080
839,0
840,0
841,0
842,0
843,0
844,15540
845,0
846,0
847,15540
848,46620
849,0
850,0
851,15540
852,46620
853,46620
854,0
855,0
856,0
857,0
858,0
859,0
860,0
861,0
862,0
863,0
864,0
865,0
866,0
867,0
868,0
869,15540
870,0
871,0
872,15540
873,31080
874,0
875,0
876,0
877,0
878,0
879,15540
880,0
881,0
882,15540
883,46620
884,0
885,0
886,15540
887,46620
888,77700
889,0
890,0
891,0
892,0
893,0
894,15540
895,0
896,0
897,15540
898,46620
899,0
900,0
901,15540
902,46620
903,93240
904,0
905,0
906,15540
907,46620
908,93240
909,93240
910,0
911,0
912,0
913,0
914,0
915,0
916,0
917,0
918,0
919,0
920,0
921,0
922,0
923,0
924,0
925,15540
926,0
927,0
928,15540
929,31080
930,0
931,0
932,0
933,0
934,0
935,15540
936,0
937,0
938,15540
939,46620
940,0
941,0
942,15540
943,46620
944,77700
945,0
946,0
947,0
948,0
949,0
950,15540
951,0
952,0
953,15540
954,46620
955,0
956,0
957,15540
958,46620
959,93240
960,0
961,0
962,15540
963,46620
964,93240
965,139860
966,0
967,0
968,0
969,0
970,0
971,15540
972,0
973,0
974,15540
975,46620
976,0
977,0
978,15540
979,46620
980,93240
981,0
982,0
983,15540
984,46620
985,93240
986,155400
987,0
988,0
989,15540
990,46620
991,93240
992,155400
993,155400
994,0
995,0
996,0
997,0
998,0
999,0
1000,0
1001,0
1002,0
1003,0
1004,0
1005,0
1006,0
1007,0
1008,0
1009,15540
1010,0
1011,0
1012,15540
1013,31080
1014,0
1015,0
1016,0
1017,0
1018,0
1019,15540
1020,0
1021,0
1022,15540
1023,46620
1024,0
1025,0
1026,15540
1027,46620
1028,77700
1029,0
1030,0
1031,0
1032,0
1033,0
1034,15540
1035,0
1036,0
1037,15540
1038,46620
1039,0
1040,0
1041,15540
1042,46620
1043,93240
1044,0
1045,0
1046,15540
1047,46620
1048,93240
1049,139860
1050,0
1051,0
1052,0
1053,0
1054,0
1055,15540
1056,0
1057,0
1058,15540
1059,46620
1060,0
1061,0
1062,15540
1063,46620
1064,93240
1065,0
1066,0
1067,15540
1068,46620
1069,93240
1070,155400
1071,0
1072,0
1073,15540
1074,46620
1075,93240
1076,155400
1077,217560
1078,0
1079,0
1080,0
1081,0
1082,0
1083,15540
1084,0
1085,0
1086,15540
1087,46620
1088,0
1089,0
1090,15540
1091,46620
1092,93240
1093,0
1094,0
1095,15540
1096,46620
1097,93240
1098,155400
1099,0
1100,0
1101,15540
1102,46620
1103,93240
1104,155400
1105,233100
1106,0
1107,0
1108,15540
1109,46620
1110,93240
1111,155400
1112,233100
1113,233100
1114,0
1115,0
1116,0
1117,0
1118,0
1119,0
1120,0
1121,0
1122,0
1123,0
1124,0
1125,0
1126,0
1127,0
1128,0
1129,15540
1130,0
1131,0
1132,15540
1133,31080
1134,0
1135,0
1136,0
1137,0
1138,0
1139,15540
1140,0
1141,0
1142,15540
1143,46620
1144,0
1145,0
1146,15540
1147,46620
1148,77700
1149,0
1150,0
1151,0
1152,0
1153,0
1154,15540
1155,0
1156,0
1157,15540
1158,46620
1159,0
1160,0
1161,15540
1162,46620
1163,93240
1164,0
1165,0
1166,15540
1167,46620
1168,93240
1169,139860
1170,0
1171,0
1172,0
1173,0
1174,0
1175,15540
1176,0
1177,0
1178,15540
1179,46620
1180,0
1181,0
1182,15540
1183,46620
1184,93240
1185,0
1186,0
1187,15540
1188,46620
1189,93240
1190,155400
1191,0
1192,0
1193,15540
1194,46620
1195,93240
1196,155400
1197,217560
1198,0
1199,0
1200,0
1201,0
1202,0
1203,15540
1204,0
1205,0
1206,15540
1207,46620
1208,0
1209,0
1210,15540
1211,46620
1212,93240
1213,0
1214,0
1215,15540
1216,46620
1217,93240
1218,155400
1219,0
1220,0
1221,15540
1222,46620
1223,93240
1224,155400
1225,233100
1226,0
1227,0
1228,15540
1229,46620
1230,93240
1231,155400
1232,233100
1233,310800
1234,0
1235,0
1236,0
1237,0
1238,0
1239,15540
1240,0
1241,0
1242,15540
1243,46620
1244,0
1245,0
1246,15540
1247,46620
1248,93240
1249,0
1250,0
1251,15540
1252,46620
1253,93240
1254,155400
1255,0
1256,0
1257,15540
1258,46620
1259,93240
1260,155400
1261,233100
1262,0
1263,0
1264,15540
1265,46620
1266,93240
1267,155400
1268,233100
1269,326340
1270,0
1271,0
1272,15540
1273,46620
1274,93240
1275,155400
1276,233100
1277,326340
1278,0
1279,0
1280,0
1281,0
1282,0
1283,0
1284,0
1285,0
1286,0
1287,0
1288,0
1289,0
1290,0
1291,0
1292,0
1293,0
1294,0
1295,0
1296,5940
1297,11880
1298,0
1299,0
1300,0
1301,0
1302,0
1303,0
1304,0
1305,0
1306,5940
1307,17820
1308,0
1309,0
1310,5940
1311,17820
1312,29700
1313,0
1314,0
1315,0
1316,0
1317,0
1318,0
1319,0
1320,0
1321,5940
1322,17820
1323,0
1324,0
1325,5940
1326,17820
1327,35640
1328,0
1329,0
1330,5940
1331,17820
1332,35640
1333,53460
1334,0
1335,0
1336,0
1337,0
1338,0
1339,0
1340,0
1341,0
1342,5940
1343,17820
1344,0
1345,0
1346,5940
1347,17820
1348,35640
1349,0
1350,0
1351,5940
1352,17820
1353,35640
1354,59400
1355,0
1356,0
1357,5940
1358,17820
1359,35640
1360,59400
1361,83160
1362,0
1363,0
1364,0
1365,0
1366,0
1367,0
1368,0
1369,0
1370,5940
1371,17820
1372,0
1373,0
1374,5940
1375,17820
1376,35640
1377,0
1378,0
1379,5940
1380,17820
1381,35640
1382,59400
1383,0
1384,0
1385,5940
1386,17820
1387,35640
1388,59400
1389,89100
1390,0
1391,0
1392,5940
1393,17820
1394,35640
1395,59400
1396,89100
1397,118800
1398,0
1399,0
1400,0
1401,0
1402,0
1403,0
1404,0
1405,0
1406,5940
1407,17820
1408,0
1409,0
1410,5940
1411,17820
1412,35640
1413,0
1414,0
1415,5940
1416,17820
1417,35640
1418,59400
1419,0
1420,0
1421,5940
1422,17820
1423,35640
1424,59400
1425,89100
1426,0
1427,0
1428,5940
1429,17820
1430,35640
1431,59400
1432,89100
1433,124740
1434,0
1435,0
1436,5940
1437,17820
1438,35640
1439,59400
1440,89100
1441,124740
1442,160380
1443,0
1444,0
1445,0
1446,0
1447,0
1448,0
1449,0
1450,0
1451,5940
1452,17820
1453,0
1454,0
1455,5940
1456,17820
1457,35640
1458,0
1459,0
1460,5940
1461,17820
1462,35640
1463,59400
1464,0
1465,0
1466,5940
1467,17820
1468,35640
1469,59400
1470,89100
1471,0
1472,0
1473,5940
1474,17820
1475,35640
1476,59400
1477,89100
1478,124740
1479,0
1480,0
1481,5940
1482,17820
1483,35640
1484,59400
1485,89100
1486,124740
1487,166320
1488,0
1489,0
1490,5940
1491,17820
1492,35640
1493,59400
1494,89100
1495,124740
1496,166320
1497,207900
1498,0
1499,0
1500,0
1501,0
1502,0
1503,0
1504,0
1505,0
1506,0
1507,0
1508,0
1509,0
1510,0
1511,0
1512,0
1513,0
1514,0
1515,0
1516,5940
1517,11880
1518,0
1519,0
1520,0
1521,0
1522,0
1523,0
1524,0
1525,0
1526,5940
1527,11880
1528,0
1529,0
1530,5940
1531,17820
1532,29700
1533,0
1534,0
1535,0
1536,0
1537,0
1538,0
1539,0
1540,0
1541,5940
1542,11880
1543,0
1544,0
1545,5940
1546,17820
1547,35640
1548,0
1549,0
1550,5940
1551,17820
1552,35640
1553,53460
1554,0
1555,0
1556,0
1557,0
1558,0
1559,0
1560,0
1561,0
1562,5940
1563,11880
1564,0
1565,0
1566,5940
1567,17820
1568,35640
1569,0
1570,0
1571,5940
1572,17820
1573,35640
1574,59400
1575,0
1576,0
1577,5940
1578,17820
1579,35640
1580,59400
1581,83160
1582,0
1583,0
1584,0
1585,0
1586,0
1587,0
1588,0
1589,0
1590,5940
1591,11880
1592,0
1593,0
1594,5940
1595,17820
1596,35640
1597,0
1598,0
1599,5940
1600,17820
1601,35640
1602,59400
1603,0
1604,0
1605,5940
1606,17820
1607,35640
1608,59400
1609,89100
1610,0
1611,0
1612,5940
1613,17820
1614,35640
1615,59400
1616,89100
1617,118800
1618,0
1619,0
1620,0
1621,0
1622,0
1623,0
1624,0
1625,0
1626,5940
1627,11880
1628,0
1629,0
1630,5940
1631,17820
1632,35640
1633,0
1634,0
1635,5940
1636,17820
1637,35640
1638,59400
1639,0
1640,0
1641,5940
1642,17820
1643,35640
1644,59400
1645,89100
1646,0
1647,0
1648,5940
1649,17820
1650,35640
1651,59400
1652,89100
1653,124740
1654,0
1655,0
1656,5940
1657,17820
1658,35640
1659,59400
1660,89100
1661,124740
1662,160380
1663,0
1664,0
1665,0
1666,0
1667,0
1668,0
1669,0
1670,0
1671,5940
1672,11880
1673,0
1674,0
1675,5940
1676,17820
1677,35640
1678,0
1679,0
1680,5940
1681,17820
1682,35640
1683,59400
1684,0
1685,0
1686,5940
1687,17820
1688,35640
1689,59400
1690,89100
1691,0
1692,0
1693,5940
1694,17820
1695,35640
1696,59400
1697,89100
1698,124740
1699,0
1700,0
1701,5940
1702,17820
1703,35640
1704,59400
1705,89100
1706,124740
1707,166320
1708,0
1709,0
1710,5940
1711,17820
1712,35640
1713,59400
1714,89100
1715,124740
1716,166320
1717,207900
1718,0
1719,0
1720,0
1721,0
1722,0
1723,0
1724,0
1725,0
1726,0
1727,0
1728,0
1729,0
1730,0
1731,0
1732,0
1733,0
1734,0
1735,0
1736,5940
1737,5940
1738,0
1739,0
1740,0
1741,0
1742,0
1743,0
1744,0
1745,0
1746,5940
1747,11880
1748,0
1749,0
1750,5940
1751,17820
1752,29700
1753,0
1754,0
1755,0
1756,0
1757,0
1758,0
1759,0
1760,0
1761,5940
1762,11880
1763,0
1764,0
1765,5940
1766,17820
1767,29700
1768,0
1769,0
1770,5940
1771,17820
1772,35640
1773,53460
1774,0
1775,0
1776,0
1777,0
1778,0
1779,0
1780,0
1781,0
1782,5940
1783,11880
1784,0
1785,0
1786,5940
1787,17820
1788,29700
1789,0
1790,0
1791,5940
1792,17820
1793,35640
1794,59400
1795,0
1796,0
1797,5940
1798,17820
1799,35640
1800,59400
1801,83160
1802,0
1803,0
1804,0
1805,0
1806,0
1807,0
1808,0
1809,0
1810,5940
1811,11880
1812,0
1813,0
1814,5940
1815,17820
1816,29700
1817,0
1818,0
1819,5940
1820,17820
1821,35640
1822,59400
1823,0
1824,0
1825,5940
1826,17820
1827,35640
1828,59400
1829,89100
1830,0
1831,0
1832,5940
1833,17820
1834,35640
1835,59400
1836,89100
1837,118800
1838,0
1839,0
1840,0
1841,0
1842,0
1843,0
1844,0
1845,0
1846,5940
1847,11880
1848,0
1849,0
1850,5940
1851,17820
1852,29700
1853,0
1854,0
1855,5940
1856,17820
1857,35640
1858,59400
1859,0
1860,0
1861,5940
1862,17820
1863,35640
1864,59400
1865,89100
1866,0
1867,0
1868,5940
1869,17820
1870,35640
1871,59400
1872,89100
1873,124740
1874,0
1875,0
1876,5940
1877,17820
1878,35640
1879,59400
1880,89100
1881,124740
1882,160380
1883,0
1884,0
1885,0
1886,0
1887,0
1888,0
1889,0
1890,0
1891,5940
1892,11880
1893,0
1894,0
1895,5940
1896,17820
1897,29700
1898,0
1899,0
1900,5940
1901,17820
1902,35640
1903,59400
1904,0
1905,0
1906,5940
1907,17820
1908,35640
1909,59400
1910,89100
1911,0
1912,0
1913,5940
1914,17820
1915,35640
1916,59400
1917,89100
1918,124740
1919,0
1920,0
1921,5940
1922,17820
1923,35640
1924,59400
1925,89100
1926,124740
1927,166320
1928,0
1929,0
1930,5940
1931,17820
1932,35640
1933,59400
1934,89100
1935,124740
1936,166320
1937,207900
1938,0
1939,0
1940,0
1941,0
1942,0
1943,0
1944,0
1945,0
1946,0
1947,0
1948,0
1949,0
1950,0
1951,0
1952,0
1953,0
1954,0
1955,0
1956,5940
1957,5940
1958,0
1959,0
1960,0
1961,0
1962,0
1963,0
1964,0
1965,0
1966,5940
1967,11880
1968,0
1969,0
1970,5940
1971,17820
1972,17820
1973,0
1974,0
1975,0
1976,0
1977,0
1978,0
1979,0
1980,0
1981,5940
1982,11880
1983,0
1984,0
1985,5940
1986,17820
1987,29700
1988,0
1989,0
1990,5940
1991,17820
1992,35640
1993,53460
1994,0
1995,0
1996,0
1997,0
1998,0
1999,0
2000,0
2001,0
2002,5940
2003,11880
2004,0
2005,0
2006,5940
2007,17820
2008,29700
2009,0
2010,0
2011,5940
2012,17820
2013,35640
2014,53460
2015,0
2016,0
2017,5940
2018,17820
2019,35640
2020,59400
2021,83160
2022,0
2023,0
2024,0
2025,0
2026,0
2027,0
2028,0
2029,0
2030,5940
2031,11880
2032,0
2033,0
2034,5940
2035,17820
2036,29700
2037,0
2038,0
2039,5940
2040,17820
2041,35640
2042,53460
2043,0
2044,0
2045,5940
2046,17820
2047,35640
2048,59400
2049,89100
2050,0
2051,0
2052,5940
2053,17820
2054,35640
2055,59400
2056,89100
2057,118800
2058,0
2059,0
2060,0
2061,0
2062,0
2063,0
2064,0
2065,0
2066,5940
2067,11880
2068,0
2069,0
2070,5940
2071,17820
2072,29700
2073,0
2074,0
2075,5940
2076,17820
2077,35640
2078,53460
2079,0
2080,0
2081,5940
2082,17820
2083,35640
2084,59400
2085,89100
2086,0
2087,0
2088,5940
2089,17820
2090,35640
2091,59400
2092,89100
2093,124740
2094,0
2095,0
2096,5940
2097,17820
2098,35640
2099,59400
2100,89100
2101,124740
2102,160380
2103,0
2104,0
2105,0
2106,0
2107,0
2108,0
2109,0
2110,0
2111,5940
2112,11880
2113,0
2114,0
2115,5940
2116,17820
2117,29700
2118,0
2119,0
2120,5940
2121,17820
2122,35640
2123,53460
2124,0
2125,0
2126,5940
2127,17820
2128,35640
2129,59400
2130,89100
2131,0
2132,0
2133,5940
2134,17820
2135,35640
2136,59400
2137,89100
2138,124740
2139,0
2140,0
2141,5940
2142,17820
2143,35640
2144,59400
2145,89100
2146,124740
2147,166320
2148,0
2149,0
2150,5940
2151,17820
2152,35640
2153,59400
2154,89100
2155,124740
2156,166320
2157,207900
2158,0
2159,0
2160,0
2161,0
2162,0
2163,0
2164,0
2165,0
2166,0
2167,0
2168,0
2169,0
2170,0
2171,0
2172,0
2173,0
2174,0
2175,0
2176,5940
2177,5940
2178,0
2179,0
2180,0
2181,0
2182,0
2183,0
2184,0
2185,0
2186,5940
2187,11880
2188,0
2189,0
2190,5940
2191,17820
2192,17820
2193,0
2194,0
2195,0
2196,0
2197,0
2198,0
2199,0
2200,0
2201,5940
2202,11880
2203,0
2204,0
2205,5940
2206,17820
2207,29700
2208,0
2209,0
2210,5940
2211,17820
2212,35640
2213,35640
2214,0
2215,0
2216,0
2217,0
2218,0
2219,0
2220,0
2221,0
2222,5940
2223,11880
2224,0
2225,0
2226,5940
2227,17820
2228,29700
2229,0
2230,0
2231,5940
2232,17820
2233,35640
2234,53460
2235,0
2236,0
2237,5940
2238,17820
2239,35640
2240,59400
2241,83160
2242,0
2243,0
2244,0
2245,0
2246,0
2247,0
2248,0
2249,0
2250,5940
2251,11880
2252,0
2253,0
2254,5940
2255,17820
2256,29700
2257,0
2258,0
2259,5940
2260,17820
2261,35640
2262,53460
2263,0
2264,0
2265,5940
2266,17820
2267,35640
2268,59400
2269,83160
2270,0
2271,0
2272,5940
2273,17820
2274,35640
2275,59400
2276,89100
2277,118800
2278,0
2279,0
2280,0
2281,0
2282,0
2283,0
2284,0
2285,0
2286,5940
2287,11880
2288,0
2289,0
2290,5940
2291,17820
2292,29700
2293,0
2294,0
2295,5940
2296,17820
2297,35640
2298,53460
2299,0
2300,0
2301,5940
2302,17820
2303,35640
2304,59400
2305,83160
2306,0
2307,0
2308,5940
2309,17820
2310,35640
2311,59400
2312,89100
2313,124740
2314,0
2315,0
2316,5940
2317,17820
2318,35640
2319,59400
2320,89100
2321,124740
2322,160380
2323,0
2324,0
2325,0
2326,0
2327,0
2328,0
2329,0
2330,0
2331,5940
2332,11880
2333,0
2334,0
2335,5940
2336,17820
2337,29700
2338,0
2339,0
2340,5940
2341,17820
2342,35640
2343,53460
2344,0
2345,0
2346,5940
2347,17820
2348,35640
2349,59400
2350,83160
2351,0
2352,0
2353,5940
2354,17820
2355,35640
2356,59400
2357,89100
2358,124740
2359,0
2360,0
2361,5940
2362,17820
2363,35640
2364,59400
2365,89100
2366,124740
2367,166320
2368,0
2369,0
2370,5940
2371,17820
2372,35640
2373,59400
2374,89100
2375,124740
2376,166320
2377,207900
2378,0
2379,0
2380,0
2381,0
2382,0
2383,0
2384,0
2385,0
2386,0
2387,0
2388,0
2389,0
2390,0
2391,0
2392,0
2393,5940
2394,0
2395,0
2396,5940
2397,5940
2398,0
2399,0
2400,0
2401,0
2402,0
2403,5940
2404,0
2405,0
2406,5940
2407,11880
2408,0
2409,0
2410,5940
2411,17820
2412,17820
2413,0
2414,0
2415,0
2416,0
2417,0
2418,5940
2419,0
2420,0
2421,5940
2422,11880
2423,0
2424,0
2425,5940
2426,17820
2427,29700
2428,0
2429,0
2430,5940
2431,17820
2432,35640
2433,35640
2434,0
2435,0
2436,0
2437,0
2438,0
2439,5940
2440,0
2441,0
2442,5940
2443,11880
2444,0
2445,0
2446,5940
2447,17820
2448,29700
2449,0
2450,0
2451,5940
2452,17820
2453,35640
2454,53460
2455,0
2456,0
2457,5940
2458,17820
2459,35640
2460,59400
2461,59400
2462,0
2463,0
2464,0
2465,0
2466,0
2467,5940
2468,0
2469,0
2470,5940
2471,11880
2472,0
2473,0
2474,5940
2475,17820
2476,29700
2477,0
2478,0
2479,5940
2480,17820
2481,35640
2482,53460
2483,0
2484,0
2485,5940
2486,17820
2487,35640
2488,59400
2489,83160
2490,0
2491,0
2492,5940
2493,17820
2494,35640
2495,59400
2496,89100
2497,118800
2498,0
2499,0
2500,0
2501,0
2502,0
2503,5940
2504,0
2505,0
2506,5940
2507,11880
2508,0
2509,0
2510,5940
2511,17820
2512,29700
2513,0
2514,0
2515,5940
2516,17820
2517,35640
2518,53460
2519,0
2520,0
2521,5940
2522,17820
2523,35640
2524,59400
2525,83160
2526,0
2527,0
2528,5940
2529,17820
2530,35640
2531,59400
2532,89100
2533,118800
2534,0
2535,0
2536,5940
2537,17820
2538,35640
2539,59400
2540,89100
2541,124740
2542,160380
2543,0
2544,0
2545,0
2546,0
2547,0
2548,5940
2549,0
2550,0
2551,5940
2552,11880
2553,0
2554,0
2555,5940
2556,17820
2557,29700
2558,0
2559,0
2560,5940
2561,17820
2562,35640
2563,53460
2564,0
2565,0
2566,5940
2567,17820
2568,35640
2569,59400
2570,83160
2571,0
2572,0
2573,5940
2574,17820
2575,35640
2576,59400
2577,89100
2578,118800
2579,0
2580,0
2581,5940
2582,17820
2583,35640
2584,59400
2585,89100
2586,124740
2587,166320
2588,0
2589,0
2590,5940
2591,17820
2592,35640
2593,59400
2594,89100
2595,124740
2596,166320
2597,207900
2598,0
2599,0
2600,0
2601,0
2602,0
2603,0
2604,0
2605,0
2606,0
2607,0
2608,0
2609,0
2610,0
2611,0
2612,0
2613,5940
2614,0
2615,0
2616,5940
2617,5940
2618,0
2619,0
2620,0
2621,0
2622,0
2623,5940
2624,0
2625,0
2626,5940
2627,17820
2628,0
2629,0
2630,5940
2631,17820
2632,17820
2633,0
2634,0
2635,0
2636,0
2637,0
2638,5940
2639,0
2640,0
2641,5940
2642,17820
2643,0
2644,0
2645,5940
2646,17820
2647,29700
2648,0
2649,0
2650,5940
2651,17820
2652,35640
2653,35640
2654,0
2655,0
2656,0
2657,0
2658,0
2659,5940
2660,0
2661,0
2662,5940
2663,17820
2664,0
2665,0
2666,5940
2667,17820
2668,29700
2669,0
2670,0
2671,5940
2672,17820
2673,35640
2674,53460
2675,0
2676,0
2677,5940
2678,17820
2679,35640
2680,59400
2681,59400
2682,0
2683,0
2684,0
2685,0
2686,0
2687,5940
2688,0
2689,0
2690,5940
2691,17820
2692,0
2693,0
2694,5940
2695,17820
2696,29700
2697,0
2698,0
2699,5940
2700,17820
2701,35640
2702,53460
2703,0
2704,0
2705,5940
2706,17820
2707,35640
2708,59400
2709,83160
2710,0
2711,0
2712,5940
2713,17820
2714,35640
2715,59400
2716,89100
2717,89100
2718,0
2719,0
2720,0
2721,0
2722,0
2723,5940
2724,0
2725,0
2726,5940
2727,17820
2728,0
2729,0
2730,5940
2731,17820
2732,29700
2733,0
2734,0
2735,5940
2736,17820
2737,35640
2738,53460
2739,0
2740,0
2741,5940
2742,17820
2743,35640
2744,59400
2745,83160
2746,0
2747,0
2748,5940
2749,17820
2750,35640
2751,59400
2752,89100
2753,118800
2754,0
2755,0
2756,5940
2757,17820
2758,35640
2759,59400
2760,89100
2761,124740
2762,160380
2763,0
2764,0
2765,0
2766,0
2767,0
2768,5940
2769,0
2770,0
2771,5940
2772,17820
2773,0
2774,0
2775,5940
2776,17820
2777,29700
2778,0
2779,0
2780,5940
2781,17820
2782,35640
2783,53460
2784,0
2785,0
2786,5940
2787,17820
2788,35640
2789,59400
2790,83160
2791,0
2792,0
2793,5940
2794,17820
2795,35640
2796,59400
2797,89100
2798,118800
2799,0
2800,0
2801,5940
2802,17820
2803,35640
2804,59400
2805,89100
2806,124740
2807,160380
2808,0
2809,0
2810,5940
2811,17820
2812,35640
2813,59400
2814,89100
2815,124740
2816,166320
2817,207900
2818,0
2819,0
2820,0
2821,0
2822,0
2823,0
2824,0
2825,0
2826,0
2827,0
2828,0
2829,0
2830,0
2831,0
2832,0
2833,5940
2834,0
2835,0
2836,5940
2837,11880
2838,0
2839,0
2840,0
2841,0
2842,0
2843,5940
2844,0
2845,0
2846,5940
2847,17820
2848,0
2849,0
2850,5940
2851,17820
2852,17820
2853,0
2854,0
2855,0
2856,0
2857,0
2858,5940
2859,0
2860,0
2861,5940
2862,17820
2863,0
2864,0
2865,5940
2866,17820
2867,35640
2868,0
2869,0
2870,5940
2871,17820
2872,35640
2873,35640
2874,0
2875,0
2876,0
2877,0
2878,0
2879,5940
2880,0
2881,0
2882,5940
2883,17820
2884,0
2885,0
2886,5940
2887,17820
2888,35640
2889,0
2890,0
2891,5940
2892,17820
2893,35640
2894,53460
2895,0
2896,0
2897,5940
2898,17820
2899,35640
2900,59400
2901,59400
2902,0
2903,0
2904,0
2905,0
2906,0
2907,5940
2908,0
2909,0
2910,5940
2911,17820
2912,0
2913,0
2914,5940
2915,17820
2916,35640
2917,0
2918,0
2919,5940
2920,17820
2921,35640
2922,53460
2923,0
2924,0
2925,5940
2926,17820
2927,35640
2928,59400
2929,83160
2930,0
2931,0
2932,5940
2933,17820
2934,35640
2935,59400
2936,89100
2937,89100
2938,0
2939,0
2940,0
2941,0
2942,0
2943,5940
2944,0
2945,0
2946,5940
2947,17820
2948,0
2949,0
2950,5940
2951,17820
2952,35640
2953,0
2954,0
2955,5940
2956,17820
2957,35640
2958,53460
2959,0
2960,0
2961,5940
2962,17820
2963,35640
2964,59400
2965,83160
2966,0
2967,0
2968,5940
2969,17820
2970,35640
2971,59400
2972,89100
2973,118800
2974,0
2975,0
2976,5940
2977,17820
2978,35640
2979,59400
2980,89100
2981,124740
2982,124740
2983,0
2984,0
2985,0
2986,0
2987,0
2988,5940
2989,0
2990,0
2991,5940
2992,17820
2993,0
2994,0
2995,5940
2996,17820
2997,35640
2998,0
2999,0
3000,5940
3001,17820
3002,35640
3003,53460
3004,0
3005,0
3006,5940
3007,17820
3008,35640
3009,59400
3010,83160
3011,0
3012,0
3013,5940
3014,17820
3015,35640
3016,59400
3017,89100
3018,118800
3019,0
3020,0
3021,5940
3022,17820
3023,35640
3024,59400
3025,89100
3026,124740
3027,160380
3028,0
3029,0
3030,5940
3031,17820
3032,35640
3033,59400
3034,89100
3035,124740
3036,166320
3037,207900
3038,0
3039,0
3040,0
3041,0
3042,0
3043,0
3044,0
3045,0
3046,0
3047,0
3048,0
3049,0
3050,0
3051,0
3052,0
3053,5940
3054,0
3055,0
3056,5940
3057,11880
3058,0
3059,0
3060,0
3061,0
3062,0
3063,5940
3064,0
3065,0
3066,5940
3067,17820
3068,0
3069,0
3070,5940
3071,17820
3072,29700
3073,0
3074,0
3075,0
3076,0
3077,0
3078,5940
3079,0
3080,0
3081,5940
3082,17820
3083,0
3084,0
3085,5940
3086,17820
3087,35640
3088,0
3089,0
3090,5940
3091,17820
3092,35640
3093,35640
3094,0
3095,0
3096,0
3097,0
3098,0
3099,5940
3100,0
3101,0
3102,5940
3103,17820
3104,0
3105,0
3106,5940
3107,17820
3108,35640
3109,0
3110,0
3111,5940
3112,17820
3113,35640
3114,59400
3115,0
3116,0
3117,5940
3118,17820
3119,35640
3120,59400
3121,59400
3122,0
3123,0
3124,0
3125,0
3126,0
3127,5940
3128,0
3129,0
3130,5940
3131,17820
3132,0
3133,0
3134,5940
3135,17820
3136,35640
3137,0
3138,0
3139,5940
3140,17820
3141,35640
3142,59400
3143,0
3144,0
3145,5940
3146,17820
3147,35640
3148,59400
3149,83160
3150,0
3151,0
3152,5940
3153,17820
3154,35640
3155,59400
3156,89100
3157,89100
3158,0
3159,0
3160,0
3161,0
3162,0
3163,5940
3164,0
3165,0
3166,5940
3167,17820
3168,0
3169,0
3170,5940
3171,17820
3172,35640
3173,0
3174,0
3175,5940
3176,17820
3177,35640
3178,59400
3179,0
3180,0
3181,5940
3182,17820
3183,35640
3184,59400
3185,83160
3186,0
3187,0
3188,5940
3189,17820
3190,35640
3191,59400
3192,89100
3193,118800
3194,0
3195,0
3196,5940
3197,17820
3198,35640
3199,59400
3200,89100
3201,124740
3202,124740
3203,0
3204,0
3205,0
3206,0
3207,0
3208,5940
3209,0
3210,0
3211,5940
3212,17820
3213,0
3214,0
3215,5940
3216,17820
3217,35640
3218,0
3219,0
3220,5940
3221,17820
3222,35640
3223,59400
3224,0
3225,0
3226,5940
3227,17820
3228,35640
3229,59400
3230,83160
3231,0
3232,0
3233,5940
3234,17820
3235,35640
3236,59400
3237,89100
3238,118800
3239,0
3240,0
3241,5940
3242,17820
3243,35640
3244,59400
3245,89100
3246,124740
3247,160380
3248,0
3249,0
3250,5940
3251,17820
3252,35640
3253,59400
3254,89100
3255,124740
3256,166320
3257,166320
3258,0
3259,0
3260,0
3261,0
3262,0
3263,0
3264,0
3265,0
3266,0
3267,0
3268,0
3269,0
3270,0
3271,0
3272,0
3273,5940
3274,0
3275,0
3276,5940
3277,11880
3278,0
3279,0
3280,0
3281,0
3282,0
3283,5940
3284,0
3285,0
3286,5940
3287,17820
3288,0
3289,0
3290,5940
3291,17820
3292,29700
3293,0
3294,0
3295,0
3296,0
3297,0
3298,5940
3299,0
3300,0
3301,5940
3302,17820
3303,0
3304,0
3305,5940
3306,17820
3307,35640
3308,0
3309,0
3310,5940
3311,17820
3312,35640
3313,53460
3314,0
3315,0
3316,0
3317,0
3318,0
3319,5940
3320,0
3321,0
3322,5940
3323,17820
3324,0
3325,0
3326,5940
3327,17820
3328,35640
3329,0
3330,0
3331,5940
3332,17820
3333,35640
3334,59400
3335,0
3336,0
3337,5940
3338,17820
3339,35640
3340,59400
3341,59400
3342,0
3343,0
3344,0
3345,0
3346,0
3347,5940
3348,0
3349,0
3350,5940
3351,17820
3352,0
3353,0
3354,5940
3355,17820
3356,35640
3357,0
3358,0
3359,5940
3360,17820
3361,35640
3362,59400
3363,0
3364,0
3365,5940
3366,17820
3367,35640
3368,59400
3369,89100
3370,0
3371,0
3372,5940
3373,17820
3374,35640
3375,59400
3376,89100
3377,89100
3378,0
3379,0
3380,0
3381,0
3382,0
3383,5940
3384,0
3385,0
3386,5940
3387,17820
3388,0
3389,0
3390,5940
3391,17820
3392,35640
3393,0
3394,0
3395,5940
3396,17820
3397,35640
3398,59400
3399,0
3400,0
3401,5940
3402,17820
3403,35640
3404,59400
3405,89100
3406,0
3407,0
3408,5940
3409,17820
3410,35640
3411,59400
3412,89100
3413,118800
3414,0
3415,0
3416,5940
3417,17820
3418,35640
3419,59400
3420,89100
3421,124740
3422,124740
3423,0
3424,0
3425,0
3426,0
3427,0
3428,5940
3429,0
3430,0
3431,5940
3432,17820
3433,0
3434,0
3435,5940
3436,17820
3437,35640
3438,0
3439,0
3440,5940
3441,17820
3442,35640
3443,59400
3444,0
3445,0
3446,5940
3447,17820
3448,35640
3449,59400
3450,89100
3451,0
3452,0
3453,5940
3454,17820
3455,35640
3456,59400
3457,89100
3458,118800
3459,0
3460,0
3461,5940
3462,17820
3463,35640
3464,59400
3465,89100
3466,124740
3467,160380
3468,0
3469,0
3470,5940
3471,17820
3472,35640
3473,59400
3474,89100
3475,124740
3476,166320
3477,166320
3478,0
3479,0
3480,0
3481,0
3482,0
3483,0
3484,0
3485,0
3486,0
3487,0
3488,0
3489,0
3490,0
3491,0
3492,0
3493,5940
3494,0
3495,0
3496,5940
3497,11880
3498,0
3499,0
3500,0
3501,0
3502,0
3503,5940
3504,0
3505,0
3506,5940
3507,17820
3508,0
3509,0
3510,5940
3511,17820
3512,29700
3513,0
3514,0
3515,0
3516,0
3517,0
3518,5940
3519,0
3520,0
3521,5940
3522,17820
3523,0
3524,0
3525,5940
3526,17820
3527,35640
3528,0
3529,0
3530,5940
3531,17820
3532,35640
3533,53460
3534,0
3535,0
3536,0
3537,0
3538,0
3539,5940
3540,0
3541,0
3542,5940
3543,17820
3544,0
3545,0
3546,5940
3547,17820
3548,35640
3549,0
3550,0
3551,5940
3552,17820
3553,35640
3554,59400
3555,0
3556,0
3557,5940
3558,17820
3559,35640
3560,59400
3561,83160
3562,0
3563,0
3564,0
3565,0
3566,0
3567,5940
3568,0
3569,0
3570,5940
3571,17820
3572,0
3573,0
3574,5940
3575,17820
3576,35640
3577,0
3578,0
3579,5940
3580,17820
3581,35640
3582,59400
3583,0
3584,0
3585,5940
3586,17820
3587,35640
3588,59400
3589,89100
3590,0
3591,0
3592,5940
3593,17820
3594,35640
3595,59400
3596,89100
3597,89100
3598,0
3599,0
3600,0
3601,0
3602,0
3603,5940
3604,0
3605,0
3606,5940
3607,17820
3608,0
3609,0
3610,5940
3611,17820
3612,35640
3613,0
3614,0
3615,5940
3616,17820
3617,35640
3618,59400
3619,0
3620,0
3621,5940
3622,17820
3623,35640
3624,59400
3625,89100
3626,0
3627,0
3628,5940
3629,17820
3630,35640
3631,59400
3632,89100
3633,124740
3634,0
3635,0
3636,5940
3637,17820
3638,35640
3639,59400
3640,89100
3641,124740
3642,124740
3643,0
3644,0
3645,0
3646,0
3647,0
3648,5940
3649,0
3650,0
3651,5940
3652,17820
3653,0
3654,0
3655,5940
3656,17820
3657,35640
3658,0
3659,0
3660,5940
3661,17820
3662,35640
3663,59400
3664,0
3665,0
3666,5940
3667,17820
3668,35640
3669,59400
3670,89100
3671,0
3672,0
3673,5940
3674,17820
3675,35640
3676,59400
3677,89100
3678,124740
3679,0
3680,0
3681,5940
3682,17820
3683,35640
3684,59400
3685,89100
3686,124740
3687,160380
3688,0
3689,0
3690,5940
3691,17820
3692,35640
3693,59400
3694,89100
3695,124740
3696,166320
3697,166320
3698,0
3699,0
3700,0
3701,0
3702,0
3703,0
3704,0
3705,0
3706,0
3707,0
3708,0
3709,0
3710,0
3711,0
3712,0
3713,5940
3714,0
3715,0
3716,5940
3717,11880
3718,0
3719,0
3720,0
3721,0
3722,0
3723,5940
3724,0
3725,0
3726,5940
3727,17820
3728,0
3729,0
3730,5940
3731,17820
3732,29700
3733,0
3734,0
3735,0
3736,0
3737,0
3738,5940
3739,0
3740,0
3741,5940
3742,17820
3743,0
3744,0
3745,5940
3746,17820
3747,35640
3748,0
3749,0
3750,5940
3751,17820
3752,35640
3753,53460
3754,0
3755,0
3756,0
3757,0
3758,0
3759,5940
3760,0
3761,0
3762,5940
3763,17820
3764,0
3765,0
3766,5940
3767,17820
3768,35640
3769,0
3770,0
3771,5940
3772,17820
3773,35640
3774,59400
3775,0
3776,0
3777,5940
3778,17820
3779,35640
3780,59400
3781,83160
3782,0
3783,0
3784,0
3785,0
3786,0
3787,5940
3788,0
3789,0
3790,5940
3791,17820
3792,0
3793,0
3794,5940
3795,17820
3796,35640
3797,0
3798,0
3799,5940
3800,17820
3801,35640
3802,59400
3803,0
3804,0
3805,5940
3806,17820
3807,35640
3808,59400
3809,89100
3810,0
3811,0
3812,5940
3813,17820
3814,35640
3815,59400
3816,89100
3817,118800
3818,0
3819,0
3820,0
3821,0
3822,0
3823,5940
3824,0
3825,0
3826,5940
3827,17820
3828,0
3829,0
3830,5940
3831,17820
3832,35640
3833,0
3834,0
3835,5940
3836,17820
3837,35640
3838,59400
3839,0
3840,0
3841,5940
3842,17820
3843,35640
3844,59400
3845,89100
3846,0
3847,0
3848,5940
3849,17820
3850,35640
3851,59400
3852,89100
3853,124740
3854,0
3855,0
3856,5940
3857,17820
3858,35640
3859,59400
3860,89100
3861,124740
3862,124740
3863,0
3864,0
3865,0
3866,0
3867,0
3868,5940
3869,0
3870,0
3871,5940
3872,17820
3873,0
3874,0
3875,5940
3876,17820
3877,35640
3878,0
3879,0
3880,5940
3881,17820
3882,35640
3883,59400
3884,0
3885,0
3886,5940
3887,17820
3888,35640
3889,59400
3890,89100
3891,0
3892,0
3893,5940
3894,17820
3895,35640
3896,59400
3897,89100
3898,124740
3899,0
3900,0
3901,5940
3902,17820
3903,35640
3904,59400
3905,89100
3906,124740
3907,166320
3908,0
3909,0
3910,5940
3911,17820
3912,35640
3913,59400
3914,89100
3915,124740
3916,166320
3917,166320
3918,0
3919,0
3920,0
3921,0
3922,0
3923,0
3924,0
3925,0
3926,0
3927,0
3928,0
3929,0
3930,0
3931,0
3932,0
3933,5940
3934,0
3935,0
3936,5940
3937,11880
3938,0
3939,0
3940,0
3941,0
3942,0
3943,5940
3944,0
3945,0
3946,5940
3947,17820
3948,0
3949,0
3950,5940
3951,17820
3952,29700
3953,0
3954,0
3955,0
3956,0
3957,0
3958,5940
3959,0
3960,0
3961,5940
3962,17820
3963,0
3964,0
3965,5940
3966,17820
3967,35640
3968,0
3969,0
3970,5940
3971,17820
3972,35640
3973,53460
3974,0
3975,0
3976,0
3977,0
3978,0
3979,5940
3980,0
3981,0
3982,5940
3983,17820
3984,0
3985,0
3986,5940
3987,17820
3988,35640
3989,0
3990,0
3991,5940
3992,17820
3993,35640
3994,59400
3995,0
3996,0
3997,5940
3998,17820
3999,35640
4000,59400
4001,83160
4002,0
4003,0
4004,0
4005,0
4006,0
4007,5940
4008,0
4009,0
4010,5940
4011,17820
4012,0
4013,0
4014,5940
4015,17820
4016,35640
4017,0
4018,0
4019,5940
4020,17820
4021,35640
4022,59400
4023,0
4024,0
4025,5940
4026,17820
4027,35640
4028,59400
4029,89100
4030,0
4031,0
4032,5940
4033,17820
4034,35640
4035,59400
4036,89100
4037,118800
4038,0
4039,0
4040,0
4041,0
4042,0
4043,5940
4044,0
4045,0
4046,5940
4047,17820
4048,0
4049,0
4050,5940
4051,17820
4052,35640
4053,0
4054,0
4055,5940
4056,17820
4057,35640
4058,59400
4059,0
4060,0
4061,5940
4062,17820
4063,35640
4064,59400
4065,89100
4066,0
4067,0
4068,5940
4069,17820
4070,35640
4071,59400
4072,89100
4073,124740
4074,0
4075,0
4076,5940
4077,17820
4078,35640
4079,59400
4080,89100
4081,124740
4082,160380
4083,0
4084,0
4085,0
4086,0
4087,0
4088,5940
4089,0
4090,0
4091,5940
4092,17820
4093,0
4094,0
4095,5940
4096,17820
4097,35640
4098,0
4099,0
4100,5940
4101,17820
4102,35640
4103,59400
4104,0
4105,0
4106,5940
4107,17820
4108,35640
4109,59400
4110,89100
4111,0
4112,0
4113,5940
4114,17820
4115,35640
4116,59400
4117,89100
4118,124740
4119,0
4120,0
4121,5940
4122,17820
4123,35640
4124,59400
4125,89100
4126,124740
4127,166320
4128,0
4129,0
4130,5940
4131,17820
4132,35640
4133,59400
4134,89100
4135,124740
4136,166320
4137,166320
4138,0
4139,0
4140,0
4141,6804
4142,13608
4143,22680
4144,34020
4145,47628
4146,63504
4147,81648
4148,102060
4149,0
4150,0
4151,0
4152,6804
4153,13608
4154,22680
4155,34020
4156,47628
4157,63504
4158,81648
4159,102060
4160,0
4161,864
4162,864
4163,5400
4164,14472
4165,23544
4166,34884
4167,48492
4168,64368
4169,82512
4170,102924
4171,0
4172,0
4173,0
4174,6804
4175,13608
4176,22680
4177,34020
4178,47628
4179,63504
4180,81648
4181,102060
4182,0
4183,864
4184,864
4185,5400
4186,14472
4187,23544
4188,34884
4189,48492
4190,64368
4191,82512
4192,102924
4193,0
4194,1728
4195,1728
4196,6264
4197,13068
4198,24408
4199,35748
4200,49356
4201,65232
4202,83376
4203,103788
4204,0
4205,0
4206,0
4207,6804
4208,13608
4209,22680
4210,34020
4211,47628
4212,63504
4213,81648
4214,102060
4215,0
4216,864
4217,864
4218,5400
4219,14472
4220,23544
4221,34884
4222,48492
4223,64368
4224,82512
4225,102924
4226,0
4227,1728
4228,1728
4229,6264
4230,13068
4231,24408
4232,35748
4233,49356
4234,65232
4235,83376
4236,103788
4237,0
4238,1728
4239,3456
4240,7128
4241,13932
4242,23004
4243,36612
4244,50220
4245,66096
4246,84240
4247,104652
4248,0
4249,0
4250,2268
4251,6804
4252,13608
4253,22680
4254,34020
4255,47628
4256,63504
4257,81648
4258,102060
4259,0
4260,864
4261,3132
4262,5400
4263,14472
4264,23544
4265,34884
4266,48492
4267,64368
4268,82512
4269,102924
4270,0
4271,1728
4272,3996
4273,6264
4274,13068
4275,24408
4276,35748
4277,49356
4278,65232
4279,83376
4280,103788
4281,0
4282,1728
4283,5724
4284,7128
4285,13932
4286,23004
4287,36612
4288,50220
4289,66096
4290,84240
4291,104652
4292,0
4293,1728
4294,5724
4295,9720
4296,14796
4297,23868
4298,35208
4299,51084
4300,66960
4301,85104
4302,105516
4303,0
4304,0
4305,2268
4306,6804
4307,13608
4308,22680
4309,34020
4310,47628
4311,63504
4312,81648
4313,102060
4314,0
4315,864
4316,3132
4317,7668
4318,14472
4319,23544
4320,34884
4321,48492
4322,64368
4323,82512
4324,102924
4325,0
4326,1728
4327,3996
4328,8532
4329,13068
4330,24408
4331,35748
4332,49356
4333,65232
4334,83376
4335,103788
4336,0
4337,1728
4338,5724
4339,9396
4340,13932
4341,23004
4342,36612
4343,50220
4344,66096
4345,84240
4346,104652
4347,0
4348,1728
4349,5724
4350,11988
4351,14796
4352,23868
4353,35208
4354,51084
4355,66960
4356,85104
4357,105516
4358,0
4359,1728
4360,5724
4361,11988
4362,18252
4363,24732
4364,36072
4365,49680
4366,67824
4367,85968
4368,106380
4369,0
4370,0
4371,2268
4372,6804
4373,13608
4374,22680
4375,34020
4376,47628
4377,63504
4378,81648
4379,102060
4380,0
4381,864
4382,3132
4383,7668
4384,14472
4385,23544
4386,34884
4387,48492
4388,64368
4389,82512
4390,102924
4391,0
4392,1728
4393,3996
4394,8532
4395,15336
4396,24408
4397,35748
4398,49356
4399,65232
4400,83376
4401,103788
4402,0
4403,1728
4404,5724
4405,9396
4406,16200
4407,23004
4408,36612
4409,50220
4410,66096
4411,84240
4412,104652
4413,0
4414,1728
4415,5724
4416,11988
4417,17064
4418,23868
4419,35208
4420,51084
4421,66960
4422,85104
4423,105516
4424,0
4425,1728
4426,5724
4427,11988
4428,20520
4429,24732
4430,36072
4431,49680
4432,67824
4433,85968
4434,106380
4435,0
4436,1728
4437,5724
4438,11988
4439,20520
4440,29052
4441,36936
4442,50544
4443,66420
4444,86832
4445,107244
4446,0
4447,0
4448,2268
4449,6804
4450,13608
4451,22680
4452,34020
4453,47628
4454,63504
4455,81648
4456,102060
4457,0
4458,864
4459,3132
4460,7668
4461,14472
4462,23544
4463,34884
4464,48492
4465,64368
4466,82512
4467,102924
4468,0
4469,1728
4470,3996
4471,8532
4472,15336
4473,24408
4474,35748
4475,49356
4476,65232
4477,83376
4478,103788
4479,0
4480,1728
4481,5724
4482,9396
4483,16200
4484,25272
4485,36612
4486,50220
4487,66096
4488,84240
4489,104652
4490,0
4491,1728
4492,5724
4493,11988
4494,17064
4495,26136
4496,35208
4497,51084
4498,66960
4499,85104
4500,105516
4501,0
4502,1728
4503,5724
4504,11988
4505,20520
4506,27000
4507,36072
4508,49680
4509,67824
4510,85968
4511,106380
4512,0
4513,1728
4514,5724
4515,11988
4516,20520
4517,31320
4518,36936
4519,50544
4520,66420
4521,86832
4522,107244
4523,0
4524,1728
4525,5724
4526,11988
4527,20520
4528,31320
4529,42120
4530,51408
4531,67284
4532,85428
4533,108108
4534,0
4535,0
4536,2268
4537,6804
4538,13608
4539,22680
4540,34020
4541,47628
4542,63504
4543,81648
4544,102060
4545,0
4546,864
4547,3132
4548,7668
4549,14472
4550,23544
4551,34884
4552,48492
4553,64368
4554,82512
4555,102924
4556,0
4557,1728
4558,3996
4559,8532
4560,15336
4561,24408
4562,35748
4563,49356
4564,65232
4565,83376
4566,103788
4567,0
4568,1728
4569,5724
4570,9396
4571,16200
4572,25272
4573,36612
4574,50220
4575,66096
4576,84240
4577,104652
4578,0
4579,1728
4580,5724
4581,11988
4582,17064
4583,26136
4584,37476
4585,51084
4586,66960
4587,85104
4588,105516
4589,0
4590,1728
4591,5724
4592,11988
4593,20520
4594,27000
4595,38340
4596,49680
4597,67824
4598,85968
4599,106380
4600,0
4601,1728
4602,5724
4603,11988
4604,20520
4605,31320
4606,39204
4607,50544
4608,66420
4609,86832
4610,107244
4611,0
4612,1728
4613,5724
4614,11988
4615,20520
4616,31320
4617,44388
4618,51408
4619,67284
4620,85428
4621,108108
4622,0
4623,1728
4624,5724
4625,11988
4626,20520
4627,31320
4628,44388
4629,57456
4630,68148
4631,86292
4632,106704
4633,0
4634,0
4635,2268
4636,6804
4637,13608
4638,22680
4639,34020
4640,47628
4641,63504
4642,81648
4643,102060
4644,0
4645,864
4646,3132
4647,7668
4648,14472
4649,23544
4650,34884
4651,48492
4652,64368
4653,82512
4654,102924
4655,0
4656,1728
4657,3996
4658,8532
4659,15336
4660,24408
4661,35748
4662,49356
4663,65232
4664,83376
4665,103788
4666,0
4667,1728
4668,5724
4669,9396
4670,16200
4671,25272
4672,36612
4673,50220
4674,66096
4675,84240
4676,104652
4677,0
4678,1728
4679,5724
4680,11988
4681,17064
4682,26136
4683,37476
4684,51084
4685,66960
4686,85104
4687,105516
4688,0
4689,1728
4690,5724
4691,11988
4692,20520
4693,27000
4694,38340
4695,51948
4696,67824
4697,85968
4698,106380
4699,0
4700,1728
4701,5724
4702,11988
4703,20520
4704,31320
4705,39204
4706,52812
4707,66420
4708,86832
4709,107244
4710,0
4711,1728
4712,5724
4713,11988
4714,20520
4715,31320
4716,44388
4717,53676
4718,67284
4719,85428
4720,108108
4721,0
4722,1728
4723,5724
4724,11988
4725,20520
4726,31320
4727,44388
4728,59724
4729,68148
4730,86292
4731,106704
4732,0
4733,1728
4734,5724
4735,11988
4736,20520
4737,31320
4738,44388
4739,59724
4740,75060
4741,87156
4742,107568
4743,0
4744,0
4745,2268
4746,6804
4747,13608
4748,22680
4749,34020
4750,47628
4751,63504
4752,81648
4753,102060
4754,0
4755,864
4756,3132
4757,7668
4758,14472
4759,23544
4760,34884
4761,48492
4762,64368
4763,82512
4764,102924
4765,0
4766,1728
4767,3996
4768,8532
4769,15336
4770,24408
4771,35748
4772,49356
4773,65232
4774,83376
4775,103788
4776,0
4777,1728
4778,5724
4779,9396
4780,16200
4781,25272
4782,36612
4783,50220
4784,66096
4785,84240
4786,104652
4787,0
4788,1728
4789,5724
4790,11988
4791,17064
4792,26136
4793,37476
4794,51084
4795,66960
4796,85104
4797,105516
4798,0
4799,1728
4800,5724
4801,11988
4802,20520
4803,27000
4804,38340
4805,51948
4806,67824
4807,85968
4808,106380
4809,0
4810,1728
4811,5724
4812,11988
4813,20520
4814,31320
4815,39204
4816,52812
4817,68688
4818,86832
4819,107244
4820,0
4821,1728
4822,5724
4823,11988
4824,20520
4825,31320
4826,44388
4827,53676
4828,69552
4829,85428
4830,108108
4831,0
4832,1728
4833,5724
4834,11988
4835,20520
4836,31320
4837,44388
4838,59724
4839,70416
4840,86292
4841,106704
4842,0
4843,1728
4844,5724
4845,11988
4846,20520
4847,31320
4848,44388
4849,59724
4850,77328
4851,87156
4852,107568
4853,0
4854,1728
4855,5724
4856,11988
4857,20520
4858,31320
4859,44388
4860,59724
4861,77328
4862,94932
4863,108432
4864,0
4865,0
4866,2268
4867,6804
4868,13608
4869,22680
4870,34020
4871,47628
4872,63504
4873,81648
4874,102060
4875,0
4876,864
4877,3132
4878,7668
4879,14472
4880,23544
4881,34884
4882,48492
4883,64368
4884,82512
4885,102924
4886,0
4887,1728
4888,3996
4889,8532
4890,15336
4891,24408
4892,35748
4893,49356
4894,65232
4895,83376
4896,103788
4897,0
4898,1728
4899,5724
4900,9396
4901,16200
4902,25272
4903,36612
4904,50220
4905,66096
4906,84240
4907,104652
4908,0
4909,1728
4910,5724
4911,11988
4912,17064
4913,26136
4914,37476
4915,51084
4916,66960
4917,85104
4918,105516
4919,0
4920,1728
4921,5724
4922,11988
4923,20520
4924,27000
4925,38340
4926,51948
4927,67824
4928,85968
4929,106380
4930,0
4931,1728
4932,5724
4933,11988
4934,20520
4935,31320
4936,39204
4937,52812
4938,68688
4939,86832
4940,107244
4941,0
4942,1728
4943,5724
4944,11988
4945,20520
4946,31320
4947,44388
4948,53676
4949,69552
4950,87696
4951,108108
4952,0
4953,1728
4954,5724
4955,11988
4956,20520
4957,31320
4958,44388
4959,59724
4960,70416
4961,88560
4962,106704
4963,0
4964,1728
4965,5724
4966,11988
4967,20520
4968,31320
4969,44388
4970,59724
4971,77328
4972,89424
4973,107568
4974,0
4975,1728
4976,5724
4977,11988
4978,20520
4979,31320
4980,44388
4981,59724
4982,77328
4983,97200
4984,108432
4985,0
4986,1728
4987,5724
4988,11988
4989,20520
4990,31320
4991,44388
4992,59724
4993,77328
4994,97200
4995,117072
4996,0
4997,0
4998,0
4999,0
5000,0
5001,0
5002,0
5003,0
5004,1012
5005,3036
5006,0
5007,0
5008,1012
5009,3036
5010,6072
5011,0
5012,0
5013,1012
5014,3036
5015,6072
5016,10120
5017,0
5018,0
5019,1012
5020,3036
5021,6072
5022,10120
5023,15180
5024,0
5025,0
5026,1012
5027,3036
5028,6072
5029,10120
5030,15180
5031,21252
5032,0
5033,0
5034,1012
5035,3036
5036,6072
5037,10120
5038,15180
5039,21252
5040,28336
5041,0
5042,0
5043,1012
5044,3036
5045,6072
5046,10120
5047,15180
5048,21252
5049,28336
5050,36432
5051,0
5052,0
5053,1012
5054,3036
5055,6072
5056,10120
5057,15180
5058,21252
5059,28336
5060,36432
5061,45540
5062,0
5063,0
5064,0
5065,0
5066,0
5067,0
5068,0
5069,0
5070,1012
5071,2024
5072,0
5073,0
5074,1012
5075,3036
5076,6072
5077,0
5078,0
5079,1012
5080,3036
5081,6072
5082,10120
5083,0
5084,0
5085,1012
5086,3036
5087,6072
5088,10120
5089,15180
5090,0
5091,0
5092,1012
5093,3036
5094,6072
5095,10120
5096,15180
5097,21252
5098,0
5099,0
5100,1012
5101,3036
5102,6072
5103,10120
5104,15180
5105,21252
5106,28336
5107,0
5108,0
5109,1012
5110,3036
5111,6072
5112,10120
5113,15180
5114,21252
5115,28336
5116,36432
5117,0
5118,0
5119,1012
5120,3036
5121,6072
5122,10120
5123,15180
5124,21252
5125,28336
5126,36432
5127,45540
5128,0
5129,0
5130,0
5131,0
5132,0
5133,0
5134,0
5135,0
5136,1012
5137,2024
5138,0
5139,0
5140,1012
5141,3036
5142,5060
5143,0
5144,0
5145,1012
5146,3036
5147,6072
5148,10120
5149,0
5150,0
5151,1012
5152,3036
5153,6072
5154,10120
5155,15180
5156,0
5157,0
5158,1012
5159,3036
5160,6072
5161,10120
5162,15180
5163,21252
5164,0
5165,0
5166,1012
5167,3036
5168,6072
5169,10120
5170,15180
5171,21252
5172,28336
5173,0
5174,0
5175,1012
5176,3036
5177,6072
5178,10120
5179,15180
5180,21252
5181,28336
5182,36432
5183,0
5184,0
5185,1012
5186,3036
5187,6072
5188,10120
5189,15180
5190,21252
5191,28336
5192,36432
5193,45540
5194,0
5195,0
5196,0
5197,0
5198,0
5199,0
5200,0
5201,0
5202,1012
5203,2024
5204,0
5205,0
5206,1012
5207,3036
5208,5060
5209,0
5210,0
5211,1012
5212,3036
5213,6072
5214,9108
5215,0
5216,0
5217,1012
5218,3036
5219,6072
5220,10120
5221,15180
5222,0
5223,0
5224,1012
5225,3036
5226,6072
5227,10120
5228,15180
5229,21252
5230,0
5231,0
5232,1012
5233,3036
5234,6072
5235,10120
5236,15180
5237,21252
5238,28336
5239,0
5240,0
5241,1012
5242,3036
5243,6072
5244,10120
5245,15180
5246,21252
5247,28336
5248,36432
5249,0
5250,0
5251,1012
5252,3036
5253,6072
5254,10120
5255,15180
5256,21252
5257,28336
5258,36432
5259,45540
5260,0
5261,0
5262,0
5263,0
5264,0
5265,0
5266,0
5267,0
5268,1012
5269,2024
5270,0
5271,0
5272,1012
5273,3036
5274,5060
5275,0
5276,0
5277,1012
5278,3036
5279,6072
5280,9108
5281,0
5282,0
5283,1012
5284,3036
5285,6072
5286,10120
5287,14168
5288,0
5289,0
5290,1012
5291,3036
5292,6072
5293,10120
5294,15180
5295,21252
5296,0
5297,0
5298,1012
5299,3036
5300,6072
5301,10120
5302,15180
5303,21252
5304,28336
5305,0
5306,0
5307,1012
5308,3036
5309,6072
5310,10120
5311,15180
5312,21252
5313,28336
5314,36432
5315,0
5316,0
5317,1012
5318,3036
5319,6072
5320,10120
5321,15180
5322,21252
5323,28336
5324,36432
5325,45540
5326,0
5327,0
5328,0
5329,0
5330,0
5331,1012
5332,0
5333,0
5334,1012
5335,2024
5336,0
5337,0
5338,1012
5339,3036
5340,5060
5341,0
5342,0
5343,1012
5344,3036
5345,6072
5346,9108
5347,0
5348,0
5349,1012
5350,3036
5351,6072
5352,10120
5353,14168
5354,0
5355,0
5356,1012
5357,3036
5358,6072
5359,10120
5360,15180
5361,20240
5362,0
5363,0
5364,1012
5365,3036
5366,6072
5367,10120
5368,15180
5369,21252
5370,28336
5371,0
5372,0
5373,1012
5374,3036
5375,6072
5376,10120
5377,15180
5378,21252
5379,28336
5380,36432
5381,0
5382,0
5383,1012
5384,3036
5385,6072
5386,10120
5387,15180
5388,21252
5389,28336
5390,36432
5391,45540
5392,0
5393,0
5394,0
5395,0
5396,0
5397,1012
5398,0
5399,0
5400,1012
5401,3036
5402,0
5403,0
5404,1012
5405,3036
5406,5060
5407,0
5408,0
5409,1012
5410,3036
5411,6072
5412,9108
5413,0
5414,0
5415,1012
5416,3036
5417,6072
5418,10120
5419,14168
5420,0
5421,0
5422,1012
5423,3036
5424,6072
5425,10120
5426,15180
5427,20240
5428,0
5429,0
5430,1012
5431,3036
5432,6072
5433,10120
5434,15180
5435,21252
5436,27324
5437,0
5438,0
5439,1012
5440,3036
5441,6072
5442,10120
5443,15180
5444,21252
5445,28336
5446,36432
5447,0
5448,0
5449,1012
5450,3036
5451,6072
5452,10120
5453,15180
5454,21252
5455,28336
5456,36432
5457,45540
5458,0
5459,0
5460,0
5461,0
5462,0
5463,1012
5464,0
5465,0
5466,1012
5467,3036
5468,0
5469,0
5470,1012
5471,3036
5472,6072
5473,0
5474,0
5475,1012
5476,3036
5477,6072
5478,9108
5479,0
5480,0
5481,1012
5482,3036
5483,6072
5484,10120
5485,14168
5486,0
5487,0
5488,1012
5489,3036
5490,6072
5491,10120
5492,15180
5493,20240
5494,0
5495,0
5496,1012
5497,3036
5498,6072
5499,10120
5500,15180
5501,21252
5502,27324
5503,0
5504,0
5505,1012
5506,3036
5507,6072
5508,10120
5509,15180
5510,21252
5511,28336
5512,35420
5513,0
5514,0
5515,1012
5516,3036
5517,6072
5518,10120
5519,15180
5520,21252
5521,28336
5522,36432
5523,45540
5524,0
5525,0
5526,0
5527,0
5528,0
5529,1012
5530,0
5531,0
5532,1012
5533,3036
5534,0
5535,0
5536,1012
5537,3036
5538,6072
5539,0
5540,0
5541,1012
5542,3036
5543,6072
5544,10120
5545,0
5546,0
5547,1012
5548,3036
5549,6072
5550,10120
5551,14168
5552,0
5553,0
5554,1012
5555,3036
5556,6072
5557,10120
5558,15180
5559,20240
5560,0
5561,0
5562,1012
5563,3036
5564,6072
5565,10120
5566,15180
5567,21252
5568,27324
5569,0
5570,0
5571,1012
5572,3036
5573,6072
5574,10120
5575,15180
5576,21252
5577,28336
5578,35420
5579,0
5580,0
5581,1012
5582,3036
5583,6072
5584,10120
5585,15180
5586,21252
5587,28336
5588,36432
5589,44528
5590,0
5591,0
5592,0
5593,0
5594,0
5595,1012
5596,0
5597,0
5598,1012
5599,3036
5600,0
5601,0
5602,1012
5603,3036
5604,6072
5605,0
5606,0
5607,1012
5608,3036
5609,6072
5610,10120
5611,0
5612,0
5613,1012
5614,3036
5615,6072
5616,10120
5617,15180
5618,0
5619,0
5620,1012
5621,3036
5622,6072
5623,10120
5624,15180
5625,20240
5626,0
5627,0
5628,1012
5629,3036
5630,6072
5631,10120
5632,15180
5633,21252
5634,27324
5635,0
5636,0
5637,1012
5638,3036
5639,6072
5640,10120
5641,15180
5642,21252
5643,28336
5644,35420
5645,0
5646,0
5647,1012
5648,3036
5649,6072
5650,10120
5651,15180
5652,21252
5653,28336
5654,36432
5655,44528
5656,0
5657,0
5658,0
5659,0
5660,0
5661,1012
5662,0
5663,0
5664,1012
5665,3036
5666,0
5667,0
5668,1012
5669,3036
5670,6072
5671,0
5672,0
5673,1012
5674,3036
5675,6072
5676,10120
5677,0
5678,0
5679,1012
5680,3036
5681,6072
5682,10120
5683,15180
5684,0
5685,0
5686,1012
5687,3036
5688,6072
5689,10120
5690,15180
5691,21252
5692,0
5693,0
5694,1012
5695,3036
5696,6072
5697,10120
5698,15180
5699,21252
5700,27324
5701,0
5702,0
5703,1012
5704,3036
5705,6072
5706,10120
5707,15180
5708,21252
5709,28336
5710,35420
5711,0
5712,0
5713,1012
5714,3036
5715,6072
5716,10120
5717,15180
5718,21252
5719,28336
5720,36432
5721,44528
5722,0
5723,0
5724,0
5725,0
5726,0
5727,1012
5728,0
5729,0
5730,1012
5731,3036
5732,0
5733,0
5734,1012
5735,3036
5736,6072
5737,0
5738,0
5739,1012
5740,3036
5741,6072
5742,10120
5743,0
5744,0
5745,1012
5746,3036
5747,6072
5748,10120
5749,15180
5750,0
5751,0
5752,1012
5753,3036
5754,6072
5755,10120
5756,15180
5757,21252
5758,0
5759,0
5760,1012
5761,3036
5762,6072
5763,10120
5764,15180
5765,21252
5766,28336
5767,0
5768,0
5769,1012
5770,3036
5771,6072
5772,10120
5773,15180
5774,21252
5775,28336
5776,35420
5777,0
5778,0
5779,1012
5780,3036
5781,6072
5782,10120
5783,15180
5784,21252
5785,28336
5786,36432
5787,44528
5788,0
5789,0
5790,0
5791,0
5792,0
5793,1012
5794,0
5795,0
5796,1012
5797,3036
5798,0
5799,0
5800,1012
5801,3036
5802,6072
5803,0
5804,0
5805,1012
5806,3036
5807,6072
5808,10120
5809,0
5810,0
5811,1012
5812,3036
5813,6072
5814,10120
5815,15180
5816,0
5817,0
5818,1012
5819,3036
5820,6072
5821,10120
5822,15180
5823,21252
5824,0
5825,0
5826,1012
5827,3036
5828,6072
5829,10120
5830,15180
5831,21252
5832,28336
5833,0
5834,0
5835,1012
5836,3036
5837,6072
5838,10120
5839,15180
5840,21252
5841,28336
5842,36432
5843,0
5844,0
5845,1012
5846,3036
5847,6072
5848,10120
5849,15180
5850,21252
5851,28336
5852,36432
5853,44528
5854,603560
5855,603560
5856,603560
5857,603560
5858,603560
5859,603560
5860,603560
5861,603560
5862,747980
5863,2964
5864,2964
5865,2964
5866,2964
5867,2964
5868,2964
5869,2964
5870,2964
5871,2964
5872,2964
5873,2964
5874,2964
5875,3120
5876,2964
5877,2964
5878,3120
5879,2964
5880,3120
5881,2964
5882,2964
5883,2964
5884,2964
5885,2964
5886,2964
5887,2964
5888,2964
5889,3120
5890,2964
5891,2964
5892,3120
5893,2964
5894,3120
5895,3120
5896,2964
5897,2964
5898,2964
5899,3120
5900,2964
5901,2964
5902,3120
5903,2964
5904,3120
5905,3276
5906,2964
5907,2964
5908,3120
5909,2964
5910,3120
5911,3280
5912,2964
5913,3120
5914,3280
5915,2964
5916,2964
5917,2964
5918,2964
5919,2964
5920,2964
5921,2964
5922,2964
5923,3120
5924,2964
5925,2964
5926,3120
5927,2964
5928,3120
5929,3120
5930,2964
5931,2964
5932,2964
5933,3120
5934,2964
5935,2964
5936,3120
5937,2964
5938,3120
5939,3276
5940,2964
5941,2964
5942,3120
5943,2964
5944,3120
5945,3280
5946,2964
5947,3120
5948,3280
5949,3280
5950,2964
5951,2964
5952,2964
5953,3120
5954,2964
5955,2964
5956,3120
5957,2964
5958,3120
5959,3276
5960,2964
5961,2964
5962,3120
5963,2964
5964,3120
5965,3280
5966,2964
5967,3120
5968,3280
5969,3440
5970,2964
5971,2964
5972,3120
5973,2964
5974,3120
5975,3280
5976,2964
5977,3120
5978,3280
5979,3444
5980,2964
5981,3120
5982,3280
5983,3444
5984,2964
5985,2964
5986,2964
5987,2964
5988,2964
5989,2964
5990,2964
5991,2964
5992,3120
5993,2964
5994,2964
5995,3120
5996,2964
5997,3120
5998,3120
5999,2964
6000,2964
6001,2964
6002,3120
6003,2964
6004,2964
6005,3120
6006,2964
6007,3120
6008,3276
6009,2964
6010,2964
6011,3120
6012,2964
6013,3120
6014,3280
6015,2964
6016,3120
6017,3280
6018,3280
6019,2964
6020,2964
6021,2964
6022,3120
6023,2964
6024,2964
6025,3120
6026,2964
6027,3120
6028,3276
6029,2964
6030,2964
6031,3120
6032,2964
6033,3120
6034,3280
6035,2964
6036,3120
6037,3280
6038,3440
6039,2964
6040,2964
6041,3120
6042,2964
6043,3120
6044,3280
6045,2964
6046,3120
6047,3280
6048,3444
6049,2964
6050,3120
6051,3280
6052,3444
6053,3444
6054,2964
6055,2964
6056,2964
6057,3120
6058,2964
6059,2964
6060,3120
6061,2964
6062,3120
6063,3276
6064,2964
6065,2964
6066,3120
6067,2964
6068,3120
6069,3280
6070,2964
6071,3120
6072,3280
6073,3440
6074,2964
6075,2964
6076,3120
6077,2964
6078,3120
6079,3280
6080,2964
6081,3120
6082,3280
6083,3444
6084,2964
6085,3120
6086,3280
6087,3444
6088,3608
6089,2964
6090,2964
6091,3120
6092,2964
6093,3120
6094,3280
6095,2964
6096,3120
6097,3280
6098,3444
6099,2964
6100,3120
6101,3280
6102,3444
6103,3612
6104,2964
6105,3120
6106,3280
6107,3444
6108,3612
6109,2964
6110,2964
6111,2964
6112,2964
6113,2964
6114,2964
6115,2964
6116,2964
6117,3120
6118,2964
6119,2964
6120,3120
6121,2964
6122,3120
6123,3120
6124,2964
6125,2964
6126,2964
6127,3120
6128,2964
6129,2964
6130,3120
6131,2964
6132,3120
6133,3276
6134,2964
6135,2964
6136,3120
6137,2964
6138,3120
6139,3280
6140,2964
6141,3120
6142,3280
6143,3280
6144,2964
6145,2964
6146,2964
6147,3120
6148,2964
6149,2964
6150,3120
6151,2964
6152,3120
6153,3276
6154,2964
6155,2964
6156,3120
6157,2964
6158,3120
6159,3280
6160,2964
6161,3120
6162,3280
6163,3440
6164,2964
6165,2964
6166,3120
6167,2964
6168,3120
6169,3280
6170,2964
6171,3120
6172,3280
6173,3444
6174,2964
6175,3120
6176,3280
6177,3444
6178,3444
6179,2964
6180,2964
6181,2964
6182,3120
6183,2964
6184,2964
6185,3120
6186,2964
6187,3120
6188,3276
6189,2964
6190,2964
6191,3120
6192,2964
6193,3120
6194,3280
6195,2964
6196,3120
6197,3280
6198,3440
6199,2964
6200,2964
6201,3120
6202,2964
6203,3120
6204,3280
6205,2964
6206,3120
6207,3280
6208,3444
6209,2964
6210,3120
6211,3280
6212,3444
6213,3608
6214,2964
6215,2964
6216,3120
6217,2964
6218,3120
6219,3280
6220,2964
6221,3120
6222,3280
6223,3444
6224,2964
6225,3120
6226,3280
6227,3444
6228,3612
6229,2964
6230,3120
6231,3280
6232,3444
6233,3612
6234,3612
6235,2964
6236,2964
6237,2964
6238,3120
6239,2964
6240,2964
6241,3120
6242,2964
6243,3120
6244,3276
6245,2964
6246,2964
6247,3120
6248,2964
6249,3120
6250,3280
6251,2964
6252,3120
6253,3280
6254,3440
6255,2964
6256,2964
6257,3120
6258,2964
6259,3120
6260,3280
6261,2964
6262,3120
6263,3280
6264,3444
6265,2964
6266,3120
6267,3280
6268,3444
6269,3608
6270,2964
6271,2964
6272,3120
6273,2964
6274,3120
6275,3280
6276,2964
6277,3120
6278,3280
6279,3444
6280,2964
6281,3120
6282,3280
6283,3444
6284,3612
6285,2964
6286,3120
6287,3280
6288,3444
6289,3612
6290,3780
6291,2964
6292,2964
6293,3120
6294,2964
6295,3120
6296,3280
6297,2964
6298,3120
6299,3280
6300,3444
6301,2964
6302,3120
6303,3280
6304,3444
6305,3612
6306,2964
6307,3120
6308,3280
6309,3444
6310,3612
6311,3784
6312,2964
6313,3120
6314,3280
6315,3444
6316,3612
6317,3784
6318,2964
6319,2964
6320,2964
6321,2964
6322,2964
6323,2964
6324,2964
6325,2964
6326,3120
6327,2964
6328,2964
6329,3120
6330,2964
6331,3120
6332,3120
6333,2964
6334,2964
6335,2964
6336,3120
6337,2964
6338,2964
6339,3120
6340,2964
6341,3120
6342,3276
6343,2964
6344,2964
6345,3120
6346,2964
6347,3120
6348,3280
6349,2964
6350,3120
6351,3280
6352,3280
6353,2964
6354,2964
6355,2964
6356,3120
6357,2964
6358,2964
6359,3120
6360,2964
6361,3120
6362,3276
6363,2964
6364,2964
6365,3120
6366,2964
6367,3120
6368,3280
6369,2964
6370,3120
6371,3280
6372,3440
6373,2964
6374,2964
6375,3120
6376,2964
6377,3120
6378,3280
6379,2964
6380,3120
6381,3280
6382,3444
6383,2964
6384,3120
6385,3280
6386,3444
6387,3444
6388,2964
6389,2964
6390,2964
6391,3120
6392,2964
6393,2964
6394,3120
6395,2964
6396,3120
6397,3276
6398,2964
6399,2964
6400,3120
6401,2964
6402,3120
6403,3280
6404,2964
6405,3120
6406,3280
6407,3440
6408,2964
6409,2964
6410,3120
6411,2964
6412,3120
6413,3280
6414,2964
6415,3120
6416,3280
6417,3444
6418,2964
6419,3120
6420,3280
6421,3444
6422,3608
6423,2964
6424,2964
6425,3120
6426,2964
6427,3120
6428,3280
6429,2964
6430,3120
6431,3280
6432,3444
6433,2964
6434,3120
6435,3280
6436,3444
6437,3612
6438,2964
6439,3120
6440,3280
6441,3444
6442,3612
6443,3612
6444,2964
6445,2964
6446,2964
6447,3120
6448,2964
6449,2964
6450,3120
6451,2964
6452,3120
6453,3276
6454,2964
6455,2964
6456,3120
6457,2964
6458,3120
6459,3280
6460,2964
6461,3120
6462,3280
6463,3440
6464,2964
6465,2964
6466,3120
6467,2964
6468,3120
6469,3280
6470,2964
6471,3120
6472,3280
6473,3444
6474,2964
6475,3120
6476,3280
6477,3444
6478,3608
6479,2964
6480,2964
6481,3120
6482,2964
6483,3120
6484,3280
6485,2964
6486,3120
6487,3280
6488,3444
6489,2964
6490,3120
6491,3280
6492,3444
6493,3612
6494,2964
6495,3120
6496,3280
6497,3444
6498,3612
6499,3780
6500,2964
6501,2964
6502,3120
6503,2964
6504,3120
6505,3280
6506,2964
6507,3120
6508,3280
6509,3444
6510,2964
6511,3120
6512,3280
6513,3444
6514,3612
6515,2964
6516,3120
6517,3280
6518,3444
6519,3612
6520,3784
6521,2964
6522,3120
6523,3280
6524,3444
6525,3612
6526,3784
6527,3784
6528,2964
6529,2964
6530,2964
6531,3120
6532,2964
6533,2964
6534,3120
6535,2964
6536,3120
6537,3276
6538,2964
6539,2964
6540,3120
6541,2964
6542,3120
6543,3280
6544,2964
6545,3120
6546,3280
6547,3440
6548,2964
6549,2964
6550,3120
6551,2964
6552,3120
6553,3280
6554,2964
6555,3120
6556,3280
6557,3444
6558,2964
6559,3120
6560,3280
6561,3444
6562,3608
6563,2964
6564,2964
6565,3120
6566,2964
6567,3120
6568,3280
6569,2964
6570,3120
6571,3280
6572,3444
6573,2964
6574,3120
6575,3280
6576,3444
6577,3612
6578,2964
6579,3120
6580,3280
6581,3444
6582,3612
6583,3780
6584,2964
6585,2964
6586,3120
6587,2964
6588,3120
6589,3280
6590,2964
6591,3120
6592,3280
6593,3444
6594,2964
6595,3120
6596,3280
6597,3444
6598,3612
6599,2964
6600,3120
6601,3280
6602,3444
6603,3612
6604,3784
6605,2964
6606,3120
6607,3280
6608,3444
6609,3612
6610,3784
6611,3956
6612,2964
6613,2964
6614,3120
6615,2964
6616,3120
6617,3280
6618,2964
6619,3120
6620,3280
6621,3444
6622,2964
6623,3120
6624,3280
6625,3444
6626,3612
6627,2964
6628,3120
6629,3280
6630,3444
6631,3612
6632,3784
6633,2964
6634,3120
6635,3280
6636,3444
6637,3612
6638,3784
6639,3960
6640,2964
6641,3120
6642,3280
6643,3444
6644,3612
6645,3784
6646,3960
6647,2964
6648,2964
6649,2964
6650,2964
6651,2964
6652,2964
6653,2964
6654,2964
6655,3120
6656,2964
6657,2964
6658,3120
6659,2964
6660,3120
6661,3120
6662,2964
6663,2964
6664,2964
6665,3120
6666,2964
6667,2964
6668,3120
6669,2964
6670,3120
6671,3276
6672,2964
6673,2964
6674,3120
6675,2964
6676,3120
6677,3280
6678,2964
6679,3120
6680,3280
6681,3280
6682,2964
6683,2964
6684,2964
6685,3120
6686,2964
6687,2964
6688,3120
6689,2964
6690,3120
6691,3276
6692,2964
6693,2964
6694,3120
6695,2964
6696,3120
6697,3280
6698,2964
6699,3120
6700,3280
6701,3440
6702,2964
6703,2964
6704,3120
6705,2964
6706,3120
6707,3280
6708,2964
6709,3120
6710,3280
6711,3444
6712,2964
6713,3120
6714,3280
6715,3444
6716,3444
6717,2964
6718,2964
6719,2964
6720,3120
6721,2964
6722,2964
6723,3120
6724,2964
6725,3120
6726,3276
6727,2964
6728,2964
6729,3120
6730,2964
6731,3120
6732,3280
6733,2964
6734,3120
6735,3280
6736,3440
6737,2964
6738,2964
6739,3120
6740,2964
6741,3120
6742,3280
6743,2964
6744,3120
6745,3280
6746,3444
6747,2964
6748,3120
6749,3280
6750,3444
6751,3608
6752,2964
6753,2964
6754,3120
6755,2964
6756,3120
6757,3280
6758,2964
6759,3120
6760,3280
6761,3444
6762,2964
6763,3120
6764,3280
6765,3444
6766,3612
6767,2964
6768,3120
6769,3280
6770,3444
6771,3612
6772,3612
6773,2964
6774,2964
6775,2964
6776,3120
6777,2964
6778,2964
6779,3120
6780,2964
6781,3120
6782,3276
6783,2964
6784,2964
6785,3120
6786,2964
6787,3120
6788,3280
6789,2964
6790,3120
6791,3280
6792,3440
6793,2964
6794,2964
6795,3120
6796,2964
6797,3120
6798,3280
6799,2964
6800,3120
6801,3280
6802,3444
6803,2964
6804,3120
6805,3280
6806,3444
6807,3608
6808,2964
6809,2964
6810,3120
6811,2964
6812,3120
6813,3280
6814,2964
6815,3120
6816,3280
6817,3444
6818,2964
6819,3120
6820,3280
6821,3444
6822,3612
6823,2964
6824,3120
6825,3280
6826,3444
6827,3612
6828,3780
6829,2964
6830,2964
6831,3120
6832,2964
6833,3120
6834,3280
6835,2964
6836,3120
6837,3280
6838,3444
6839,2964
6840,3120
6841,3280
6842,3444
6843,3612
6844,2964
6845,3120
6846,3280
6847,3444
6848,3612
6849,3784
6850,2964
6851,3120
6852,3280
6853,3444
6854,3612
6855,3784
6856,3784
6857,2964
6858,2964
6859,2964
6860,3120
6861,2964
6862,2964
6863,3120
6864,2964
6865,3120
6866,3276
6867,2964
6868,2964
6869,3120
6870,2964
6871,3120
6872,3280
6873,2964
6874,3120
6875,3280
6876,3440
6877,2964
6878,2964
6879,3120
6880,2964
6881,3120
6882,3280
6883,2964
6884,3120
6885,3280
6886,3444
6887,2964
6888,3120
6889,3280
6890,3444
6891,3608
6892,2964
6893,2964
6894,3120
6895,2964
6896,3120
6897,3280
6898,2964
6899,3120
6900,3280
6901,3444
6902,2964
6903,3120
6904,3280
6905,3444
6906,3612
6907,2964
6908,3120
6909,3280
6910,3444
6911,3612
6912,3780
6913,2964
6914,2964
6915,3120
6916,2964
6917,3120
6918,3280
6919,2964
6920,3120
6921,3280
6922,3444
6923,2964
6924,3120
6925,3280
6926,3444
6927,3612
6928,2964
6929,3120
6930,3280
6931,3444
6932,3612
6933,3784
6934,2964
6935,3120
6936,3280
6937,3444
6938,3612
6939,3784
6940,3956
6941,2964
6942,2964
6943,3120
6944,2964
6945,3120
6946,3280
6947,2964
6948,3120
6949,3280
6950,3444
6951,2964
6952,3120
6953,3280
6954,3444
6955,3612
6956,2964
6957,3120
6958,3280
6959,3444
6960,3612
6961,3784
6962,2964
6963,3120
6964,3280
6965,3444
6966,3612
6967,3784
6968,3960
6969,2964
6970,3120
6971,3280
6972,3444
6973,3612
6974,3784
6975,3960
6976,3960
6977,2964
6978,2964
6979,2964
6980,3120
6981,2964
6982,2964
6983,3120
6984,2964
6985,3120
6986,3276
6987,2964
6988,2964
6989,3120
6990,2964
6991,3120
6992,3280
6993,2964
6994,3120
6995,3280
6996,3440
6997,2964
6998,2964
6999,3120
7000,2964
7001,3120
7002,3280
7003,2964
7004,3120
7005,3280
7006,3444
7007,2964
7008,3120
7009,3280
7010,3444
7011,3608
7012,2964
7013,2964
7014,3120
7015,2964
7016,3120
7017,3280
7018,2964
7019,3120
7020,3280
7021,3444
7022,2964
7023,3120
7024,3280
7025,3444
7026,3612
7027,2964
7028,3120
7029,3280
7030,3444
7031,3612
7032,3780
7033,2964
7034,2964
7035,3120
7036,2964
7037,3120
7038,3280
7039,2964
7040,3120
7041,3280
7042,3444
7043,2964
7044,3120
7045,3280
7046,3444
7047,3612
7048,2964
7049,3120
7050,3280
7051,3444
7052,3612
7053,3784
7054,2964
7055,3120
7056,3280
7057,3444
7058,3612
7059,3784
7060,3956
7061,2964
7062,2964
7063,3120
7064,2964
7065,3120
7066,3280
7067,2964
7068,3120
7069,3280
7070,3444
7071,2964
7072,3120
7073,3280
7074,3444
7075,3612
7076,2964
7077,3120
7078,3280
7079,3444
7080,3612
7081,3784
7082,2964
7083,3120
7084,3280
7085,3444
7086,3612
7087,3784
7088,3960
7089,2964
7090,3120
7091,3280
7092,3444
7093,3612
7094,3784
7095,3960
7096,4136
7097,2964
7098,2964
7099,3120
7100,2964
7101,3120
7102,3280
7103,2964
7104,3120
7105,3280
7106,3444
7107,2964
7108,3120
7109,3280
7110,3444
7111,3612
7112,2964
7113,3120
7114,3280
7115,3444
7116,3612
7117,3784
7118,2964
7119,3120
7120,3280
7121,3444
7122,3612
7123,3784
7124,3960
7125,2964
7126,3120
7127,3280
7128,3444
7129,3612
7130,3784
7131,3960
7132,4140
7133,2964
7134,3120
7135,3280
7136,3444
7137,3612
7138,3784
7139,3960
7140,4140
7141,21120
7142,21264
7143,21408
7144,21552
7145,21696
7146,21840
7147,21984
7148,22128
7149,22272
7150,22416
7151,22560
7152,22704
7153,21824
7154,21264
7155,21408
7156,21552
7157,21696
7158,21840
7159,21984
7160,22128
7161,22272
7162,22416
7163,22560
7164,22704
7165,21824
7166,21968
7167,21408
7168,21552
7169,21696
7170,21840
7171,21984
7172,22128
7173,22272
7174,22416
7175,22560
7176,22704
7177,21824
7178,21968
7179,22112
7180,21552
7181,21696
7182,21840
7183,21984
7184,22128
7185,22272
7186,22416
7187,22560
7188,22704
7189,21824
7190,21968
7191,22112
7192,22256
7193,21696
7194,21840
7195,21984
7196,22128
7197,22272
7198,22416
7199,22560
7200,22704
7201,21824
7202,21968
7203,22112
7204,22256
7205,22400
7206,21840
7207,21984
7208,22128
7209,22272
7210,22416
7211,22560
7212,22704
7213,21824
7214,21968
7215,22112
7216,22256
7217,22400
7218,22544
7219,21984
7220,22128
7221,22272
7222,22416
7223,22560
7224,22704
7225,21824
7226,21968
7227,22112
7228,22256
7229,22400
7230,22544
7231,22688
7232,22128
7233,22272
7234,22416
7235,22560
7236,22704
7237,21824
7238,21968
7239,22112
7240,22256
7241,22400
7242,22544
7243,22688
7244,22832
7245,22272
7246,22416
7247,22560
7248,22704
7249,21824
7250,21968
7251,22112
7252,22256
7253,22400
7254,22544
7255,22688
7256,22832
7257,22976
7258,22416
7259,22560
7260,22704
7261,21824
7262,21968
7263,22112
7264,22256
7265,22400
7266,22544
7267,22688
7268,22832
7269,22976
7270,23120
7271,22560
7272,22704
7273,21824
7274,21968
7275,22112
7276,22256
7277,22400
7278,22544
7279,22688
7280,22832
7281,22976
7282,23120
7283,23264
7284,22704
7285,21824
7286,21968
7287,22112
7288,22256
7289,22400
7290,22544
7291,22688
7292,22832
7293,22976
7294,23120
7295,23264
7296,23408
7297,4
7298,52
7299,164
7300,340
7301,580
7302,884
7303,1252
7304,1684
7305,2180
7306,2740
7307,3364
7308,4052
7309,4
7310,52
7311,164
7312,340
7313,580
7314,884
7315,1252
7316,1684
7317,2180
7318,2740
7319,3364
7320,4052
7321,4
7322,52
7323,164
7324,340
7325,580
7326,884
7327,1252
7328,1684
7329,2180
7330,2740
7331,3364
7332,4052
7333,4
7334,52
7335,164
7336,340
7337,580
7338,884
7339,1252
7340,1684
7341,2180
7342,2740
7343,3364
7344,4052
7345,4
7346,52
7347,164
7348,340
7349,580
7350,884
7351,1252
7352,1684
7353,2180
7354,2740
7355,3364
7356,4052
7357,4
7358,52
7359,164
7360,340
7361,580
7362,884
7363,1252
7364,1684
7365,2180
7366,2740
7367,3364
7368,4052
7369,4
7370,52
7371,164
7372,340
7373,580
7374,884
7375,1252
7376,1684
7377,2180
7378,2740
7379,3364
7380,4052
7381,4
7382,52
7383,164
7384,340
7385,580
7386,884
7387,1252
7388,1684
7389,2180
7390,2740
7391,3364
7392,4052
7393,4
7394,52
7395,164
7396,340
7397,580
7398,884
7399,1252
7400,1684
7401,2180
7402,2740
7403,3364
7404,4052
7405,4
7406,52
7407,164
7408,340
7409,580
7410,884
7411,1252
7412,1684
7413,2180
7414,2740
7415,3364
7416,4052
7417,4
7418,52
7419,164
7420,340
7421,580
7422,884
7423,1252
7424,1684
7425,2180
7426,2740
7427,3364
7428,4052
7429,4
7430,52
7431,164
7432,340
7433,580
7434,884
7435,1252
7436,1684
7437,2180
7438,2740
7439,3364
7440,4052
7441,4
7442,52
7443,164
7444,340
7445,580
7446,884
7447,1252
7448,1684
7449,2180
7450,2740
7451,3364
7452,4052
7453,4140
7454,4140
7455,4140
7456,4140
7457,4140
7458,4140
7459,4140
7460,4140
